timestamp,actual,predicted
2022-03-17,195.83932139874352,200.77464
2022-03-18,198.36706587035584,206.9194
2022-03-19,199.8071888537556,216.53537
2022-03-20,200.5793852484762,217.19098
2022-03-21,202.24080059342816,218.66933
2022-03-22,205.32446739032773,218.66933
2022-03-23,209.6037153249756,219.14153
2022-03-24,213.55034322668624,220.98784
2022-03-25,216.16889630611112,221.79562
2022-03-26,216.8287434974276,221.79562
2022-03-27,216.67215019800992,221.79562
2022-03-28,216.69884466910028,221.79562
2022-03-29,217.68967018821047,221.79562
2022-03-30,219.5148391817048,224.15039
2022-03-31,220.79805258027537,226.3985
2022-04-01,220.7027714511471,226.3985
2022-04-02,218.76456490734083,226.3985
2022-04-03,215.74045702450096,226.3985
2022-04-04,213.32298595774407,221.79562
2022-04-05,212.38400625891973,221.79562
2022-04-06,212.5358616991088,221.79562
2022-04-07,212.6691535328205,221.79562
2022-04-08,211.9149939605844,222.60799
2022-04-09,209.95322999301817,222.60799
2022-04-10,207.604755958369,221.8002
2022-04-11,206.3646464153608,221.44513
2022-04-12,206.9849110430437,220.71573
2022-04-13,209.2353911680621,220.21387
2022-04-14,211.94736355761515,216.82735
2022-04-15,213.87631252314603,217.63513
2022-04-16,214.7698442481019,213.42624
2022-04-17,215.1434622968031,212.35197
2022-04-18,216.65599386480207,210.36345
2022-04-19,219.6575206846749,210.36345
2022-04-20,223.99752681451736,212.85791
2022-04-21,228.36752084772192,214.5459
2022-04-22,231.3450861540436,216.89604
2022-04-23,232.843740488469,220.68224
2022-04-24,233.34800338694947,220.68224
2022-04-25,234.2100207766812,220.68224
2022-04-26,236.1373606302107,220.68224
2022-04-27,238.9469839606783,220.68224
2022-04-28,241.06099491940617,221.67813
2022-04-29,241.7248711395652,221.67813
2022-04-30,240.49686448975856,222.17622
2022-05-01,238.24690692058084,222.21962
2022-05-02,236.3201273421957,221.22372
2022-05-03,235.7021542923774,221.22372
2022-05-04,236.00614212057687,220.68224
2022-05-05,236.1101256502484,220.68224
2022-05-06,235.12512113753104,220.68224
2022-05-07,232.8429718252968,220.68224
2022-05-08,229.9707688466259,220.68224
2022-05-09,228.12134251175027,220.68224
2022-05-10,227.9862291482621,216.89604
2022-05-11,229.34464763129856,216.89604
2022-05-12,231.3598192713199,219.98412
2022-05-13,232.4934307543357,219.98412
2022-05-14,232.46256288075944,219.98412
2022-05-15,232.3275934059236,219.98412
2022-05-16,233.2489891903986,219.98412
2022-05-17,235.9342073516385,216.43846
2022-05-18,240.06956078287527,216.43846
2022-05-19,244.4360562836968,216.20786
2022-05-20,247.54100846298897,219.52802
2022-05-21,249.25796952418588,220.60498
2022-05-22,250.2346329911221,222.19168
2022-05-23,251.750450196564,223.43544
2022-05-24,254.48212894119413,223.43544
2022-05-25,258.12498193102,225.65686
2022-05-26,261.1843475629358,228.11305
2022-05-27,262.80526417562834,229.7819
2022-05-28,262.4761652871144,229.7819
2022-05-29,261.1332173483891,229.7819
2022-05-30,260.0367448347744,229.7819
2022-05-31,259.81224185119186,228.11305
2022-06-01,260.59738055079873,228.11305
2022-06-02,261.20223743954745,228.11305
2022-06-03,260.35906730702266,229.7819
2022-06-04,258.035102844522,228.11305
2022-06-05,254.9383120228537,228.11305
2022-06-06,252.6038131403388,225.65686
2022-06-07,252.01201725367392,225.65686
2022-06-08,252.8349869242552,225.65686
2022-06-09,253.9444330361515,225.65686
2022-06-10,254.25565436296745,225.65686
2022-06-11,253.55988225903187,225.65686
2022-06-12,252.6244783476045,225.65686
2022-06-13,252.7846869622366,225.65686
2022-06-14,254.78351849159907,224.70618
2022-06-15,258.3361958412102,223.59398
2022-06-16,262.2721461263327,226.05017
2022-06-17,265.3268148419311,227.71902
2022-06-18,266.9388037865083,228.45866
2022-06-19,268.15066618720846,228.45866
2022-06-20,269.92059414319743,230.43988
2022-06-21,273.1291407069687,230.43988
2022-06-22,277.38077511605485,233.78697
2022-06-23,281.26066617311074,233.78697
2022-06-24,283.6874316896158,233.78697
2022-06-25,284.2063398341378,237.4105
2022-06-26,283.8337641537491,237.4105
2022-06-27,283.5716373383762,237.4105
2022-06-28,284.4260649341808,237.4105
2022-06-29,285.84486512609686,237.4105
2022-06-30,287.03706873609326,237.4105
2022-07-01,286.704177531474,237.4105
2022-07-02,284.71300657298127,237.4105
2022-07-03,281.7425846533232,237.4105
2022-07-04,279.4390952519249,233.78697
2022-07-05,278.6036149523724,233.78697
2022-07-06,279.0009640253999,233.78697
2022-07-07,279.5674887612838,233.78697
2022-07-08,279.2791120692348,233.78697
2022-07-09,277.86119502788364,233.78697
2022-07-10,276.0213415938428,233.78697
2022-07-11,275.415573705661,233.78697
2022-07-12,276.61511204063413,233.78697
2022-07-13,279.5651871684948,233.78697
2022-07-14,282.70224958185247,233.78697
2022-07-15,285.22646147722605,233.78697
2022-07-16,286.60777554906366,237.4105
2022-07-17,287.6071422924687,237.4105
2022-07-18,289.2987397544049,237.4105
2022-07-19,292.608577058729,237.4105
2022-07-20,297.24417476164973,239.89034
2022-07-21,301.50262870067303,239.89034
2022-07-22,304.5367680494573,241.584
2022-07-23,306.01721645551186,241.584
2022-07-24,306.3423838483915,241.584
2022-07-25,306.9656476977313,241.584
2022-07-26,308.7559738111116,241.584
2022-07-27,311.1814089893712,241.584
2022-07-28,313.15702419635085,241.584
2022-07-29,313.54609464227445,243.20584
2022-07-30,312.23383859942334,243.20584
2022-07-31,309.8265951035875,241.584
2022-08-01,307.7915518132054,241.584
2022-08-02,307.18378579304385,241.584
2022-08-03,307.42149576168384,241.584
2022-08-04,307.7842697982122,241.584
2022-08-05,307.1268939901116,241.584
2022-08-06,305.1716356544929,241.584
2022-08-07,302.8039512394574,241.584
2022-08-08,301.3778283348991,241.584
2022-08-09,301.85437464193814,241.584
2022-08-10,303.8162040751076,241.584
2022-08-11,306.429632241457,241.584
2022-08-12,308.0911831024925,241.584
2022-08-13,308.83837823197024,241.584
2022-08-14,309.21392053431,241.584
2022-08-15,310.61412931366925,241.584
2022-08-16,313.7414589683174,241.584
2022-08-17,318.2142685198229,243.20584
2022-08-18,322.79579910292887,243.90448
2022-08-19,326.2264303590478,243.90448
2022-08-20,328.0089599674782,243.90448
2022-08-21,329.04453523256905,243.90448
2022-08-22,330.41310564569585,244.9989
2022-08-23,333.0435969336808,244.9989
2022-08-24,336.29274554784854,244.9989
2022-08-25,339.35792894026423,244.9989
2022-08-26,340.5970668805141,244.9989
2022-08-27,339.9577938860808,244.9989
2022-08-28,338.39889178035503,244.9989
2022-08-29,336.9985398475365,244.9989
2022-08-30,336.8602217354381,244.9989
2022-08-31,337.49373523179304,244.9989
2022-09-01,338.036470701453,244.9989
2022-09-02,337.2303787878163,244.9989
2022-09-03,335.1020352540953,244.9989
2022-09-04,332.24267212467566,244.9989
2022-09-05,330.35709651153746,244.9989
2022-09-06,330.27390951309707,244.9989
2022-09-07,331.5790359700881,244.9989
2022-09-08,333.24537068007373,244.9989
2022-09-09,334.1002880635245,244.9989
2022-09-10,334.03916295674543,244.9989
2022-09-11,333.71748723185897,244.9989
2022-09-12,334.4069719033324,244.9989
2022-09-13,337.1360586953784,244.9989
2022-09-14,341.2050155916041,244.9989
2022-09-15,345.5092483254865,244.9989
2022-09-16,348.8830832081356,244.9989
2022-09-17,350.8781866186324,244.9989
2022-09-18,352.10026268652126,244.9989
2022-09-19,354.0891517372681,244.9989
2022-09-20,357.2590903455889,244.9989
2022-09-21,361.3573672542792,244.9989
2022-09-22,365.1848619881361,244.9989
2022-09-23,367.5263053136576,244.9989
2022-09-24,367.8240285749812,244.9989
2022-09-25,367.0328925259585,244.9989
2022-09-26,366.5803384776557,244.9989
